;SMI Index
;Last Price
Dates;PX_LAST
30.09.2015;8513.41
01.10.2015;8510.56
02.10.2015;8515.52
05.10.2015;8740.83
06.10.2015;8761.68
07.10.2015;8639.03
08.10.2015;8674.17
09.10.2015;8680.21
12.10.2015;8706.11
13.10.2015;8654.64
14.10.2015;8573.31
15.10.2015;8653.35
16.10.2015;8715.73
19.10.2015;8705.66
20.10.2015;8650.02
21.10.2015;8602.12
22.10.2015;8788.92
23.10.2015;8910.52
26.10.2015;8907.86
27.10.2015;8849.92
28.10.2015;8932.64
29.10.2015;8957.27
30.10.2015;8938.65
02.11.2015;8936.08
03.11.2015;8935.5
04.11.2015;8951.76
05.11.2015;8990.16
06.11.2015;8970.27
09.11.2015;8876.67
10.11.2015;8849.77
11.11.2015;8884.55
12.11.2015;8816.94
13.11.2015;8749.84
16.11.2015;8727.09
17.11.2015;8952.58
18.11.2015;8990.96
19.11.2015;9008.65
20.11.2015;9015.83
23.11.2015;8924.41
24.11.2015;8808.53
25.11.2015;8934.48
26.11.2015;8968.25
27.11.2015;9002.96
30.11.2015;8993.1
01.12.2015;8993.24
02.12.2015;9016.56
03.12.2015;8852.14
04.12.2015;8802.89
07.12.2015;8825.28
08.12.2015;8701.2
09.12.2015;8624.95
10.12.2015;8632.63
11.12.2015;8502.06
14.12.2015;8375.31
15.12.2015;8581.56
16.12.2015;8604.08
17.12.2015;8656.3
18.12.2015;8608.91
21.12.2015;8544.35
22.12.2015;8515.82
23.12.2015;8705.74
28.12.2015;8739.36
29.12.2015;8883.01
30.12.2015;8818.09
04.01.2016;8656.31
05.01.2016;8701.46
06.01.2016;8613.42
07.01.2016;8449.86
08.01.2016;8257.28
11.01.2016;8213.52
12.01.2016;8332.04
13.01.2016;8414.83
14.01.2016;8305.47
15.01.2016;8107.13
18.01.2016;8099.08
19.01.2016;8223.76
20.01.2016;7966.34
21.01.2016;8035.06
22.01.2016;8271.11
25.01.2016;8253.34
26.01.2016;8314.47
27.01.2016;8322.68
28.01.2016;8153.27
29.01.2016;8319.81
01.02.2016;8310.99
02.02.2016;8196.99
03.02.2016;8123.74
04.02.2016;8003.4
05.02.2016;7960.13
08.02.2016;7759.21
09.02.2016;7583.27
10.02.2016;7731.93
11.02.2016;7496.62
12.02.2016;7656.6
15.02.2016;7848.33
16.02.2016;7813.79
17.02.2016;7946.19
18.02.2016;7916.61
19.02.2016;7863.36
22.02.2016;7961.49
23.02.2016;7807.01
24.02.2016;7689.56
25.02.2016;7794.05
26.02.2016;7877.03
29.02.2016;7843.63
01.03.2016;7962.22
02.03.2016;8039.89
03.03.2016;7950.84
04.03.2016;7982.57
07.03.2016;8019.13
08.03.2016;7971.15
09.03.2016;7975.81
10.03.2016;7893.66
11.03.2016;7998.43
14.03.2016;8018.36
15.03.2016;7953.93
16.03.2016;7916.43
17.03.2016;7861.79
18.03.2016;7813.68
21.03.2016;7849.57
22.03.2016;7853.07
23.03.2016;7894.36
24.03.2016;7775.58
29.03.2016;7797.65
30.03.2016;7845.08
31.03.2016;7807.89
01.04.2016;7688.34
04.04.2016;7731.81
05.04.2016;7673.67
06.04.2016;7768.23
07.04.2016;7761.35
08.04.2016;7817.55
11.04.2016;7751.58
12.04.2016;7788.78
13.04.2016;7934.46
14.04.2016;8021
15.04.2016;8014.6
18.04.2016;8044.6
19.04.2016;8152.76
20.04.2016;8186.97
21.04.2016;8159.67
22.04.2016;8109.44
25.04.2016;8079.89
26.04.2016;8077.18
27.04.2016;8096.76
28.04.2016;8099.42
29.04.2016;7960.85
02.05.2016;7977.77
03.05.2016;7850.68
04.05.2016;7752.97
06.05.2016;7735.6
09.05.2016;7824.95
10.05.2016;7934.93
11.05.2016;7937.88
12.05.2016;7885.85
13.05.2016;7925.76
17.05.2016;7906.76
18.05.2016;7973.93
19.05.2016;7908.79
20.05.2016;7997.3
23.05.2016;8038.46
24.05.2016;8125.24
25.05.2016;8167.61
26.05.2016;8229.55
27.05.2016;8292.45
30.05.2016;8277.83
31.05.2016;8216.42
01.06.2016;8185.53
02.06.2016;8205.82
03.06.2016;8148.4
06.06.2016;8165.98
07.06.2016;8215.78
08.06.2016;8143.76
09.06.2016;8076.35
10.06.2016;7922.71
13.06.2016;7782.35
14.06.2016;7638.77
15.06.2016;7679.49
16.06.2016;7634.66
17.06.2016;7713.61
20.06.2016;7900.22
21.06.2016;7935.75
22.06.2016;7972.14
23.06.2016;8023.05
24.06.2016;7747.18
27.06.2016;7594.49
28.06.2016;7773.8
29.06.2016;7978.96
30.06.2016;8020.15
01.07.2016;8085.21
04.07.2016;8056.71
05.07.2016;7941.67
06.07.2016;7898.21
07.07.2016;7964.23
08.07.2016;8037.94
11.07.2016;8117.11
12.07.2016;8143.13
13.07.2016;8142.33
14.07.2016;8174.02
15.07.2016;8156.26
18.07.2016;8161.6
19.07.2016;8111.48
20.07.2016;8197.43
21.07.2016;8182.45
22.07.2016;8194.73
25.07.2016;8194.41
26.07.2016;8227.2
27.07.2016;8221.33
28.07.2016;8095.07
29.07.2016;8127.2
02.08.2016;8011.24
03.08.2016;8010.1
04.08.2016;8081.14
05.08.2016;8194.34
08.08.2016;8168.84
09.08.2016;8229.42
10.08.2016;8208.9
11.08.2016;8296.14
12.08.2016;8295.04
15.08.2016;8305.28
16.08.2016;8215.45
17.08.2016;8153.8
18.08.2016;8189.73
19.08.2016;8127.28
22.08.2016;8157.85
23.08.2016;8201.61
24.08.2016;8199.83
25.08.2016;8141.28
26.08.2016;8168.32
29.08.2016;8184.09
30.08.2016;8236.01
31.08.2016;8202.13
01.09.2016;8142.64
02.09.2016;8294.3
05.09.2016;8310.37
06.09.2016;8304.34
07.09.2016;8320.99
08.09.2016;8315.2
09.09.2016;8264.13
12.09.2016;8206.2
13.09.2016;8174.73
14.09.2016;8162.65
15.09.2016;8184.84
16.09.2016;8130.44
19.09.2016;8195.71
20.09.2016;8237.54
21.09.2016;8226.47
22.09.2016;8307.63
23.09.2016;8272.89
26.09.2016;8165.05
27.09.2016;8175.42
28.09.2016;8220.07
29.09.2016;8164.2
30.09.2016;8139.01
03.10.2016;8166.32
04.10.2016;8230.73
05.10.2016;8195.23
06.10.2016;8170.44
07.10.2016;8124.59
10.10.2016;8172.22
11.10.2016;8135.15
12.10.2016;8068.56
13.10.2016;7999.93
14.10.2016;8089.91
17.10.2016;8000.96
18.10.2016;8074.69
19.10.2016;8093.78
20.10.2016;8069.27
21.10.2016;8034.86
24.10.2016;7991.88
25.10.2016;7929.87
26.10.2016;7892.77
27.10.2016;7924.39
28.10.2016;7908.57
31.10.2016;7827.74
01.11.2016;7761.34
02.11.2016;7700.41
03.11.2016;7640.94
04.11.2016;7593.2
07.11.2016;7735.22
08.11.2016;7744.03
09.11.2016;7897.84
10.11.2016;7928.77
11.11.2016;7880.29
14.11.2016;7900.57
15.11.2016;7909.2
16.11.2016;7914.02
17.11.2016;7964.68
18.11.2016;7904.55
21.11.2016;7849.86
22.11.2016;7741.82
23.11.2016;7752.24
24.11.2016;7798.5
25.11.2016;7881.53
28.11.2016;7823.23
29.11.2016;7845.01
30.11.2016;7875.19
01.12.2016;7779.11
02.12.2016;7784.01
05.12.2016;7845.68
06.12.2016;7912.39
07.12.2016;7930.25
08.12.2016;7953.68
09.12.2016;8099.63
12.12.2016;8040.09
13.12.2016;8162.53
14.12.2016;8140.41
15.12.2016;8214.3
16.12.2016;8227.72
19.12.2016;8234.49
20.12.2016;8243
21.12.2016;8233.45
22.12.2016;8237.98
23.12.2016;8232.64
27.12.2016;8259.45
28.12.2016;8256.61
29.12.2016;8251.13
30.12.2016;8219.87
03.01.2017;8316.18
04.01.2017;8354.81
05.01.2017;8392.49
06.01.2017;8417.46
09.01.2017;8424.86
10.01.2017;8449.19
11.01.2017;8427.15
12.01.2017;8375.02
13.01.2017;8452.19
16.01.2017;8362.6
17.01.2017;8304.1
18.01.2017;8312.42
19.01.2017;8273.08
20.01.2017;8275.13
23.01.2017;8229.01
24.01.2017;8246.66
25.01.2017;8387.55
26.01.2017;8405.48
27.01.2017;8379.57
30.01.2017;8320.83
31.01.2017;8291.69
01.02.2017;8329.17
02.02.2017;8276.7
03.02.2017;8350.84
06.02.2017;8330.93
07.02.2017;8370.14
08.02.2017;8378.73
09.02.2017;8437.54
10.02.2017;8456.22
13.02.2017;8462.88
14.02.2017;8426.15
15.02.2017;8486.27
16.02.2017;8467.52
17.02.2017;8506.49
20.02.2017;8514.52
21.02.2017;8567.18
22.02.2017;8585.85
23.02.2017;8569.36
24.02.2017;8525.62
27.02.2017;8520.56
28.02.2017;8545.81
01.03.2017;8634.7
02.03.2017;8661.63
03.03.2017;8670.06
06.03.2017;8664.8
07.03.2017;8623.97
08.03.2017;8626.65
09.03.2017;8639.7
10.03.2017;8669.97
13.03.2017;8683.05
14.03.2017;8663.54
15.03.2017;8688.86
16.03.2017;8667.48
17.03.2017;8698.53
20.03.2017;8695.04
21.03.2017;8614.86
22.03.2017;8567.88
23.03.2017;8628.64
24.03.2017;8613.64
27.03.2017;8594.54
28.03.2017;8597.02
29.03.2017;8661.53
30.03.2017;8704.39
31.03.2017;8658.89
03.04.2017;8633.86
04.04.2017;8646.99
05.04.2017;8640.51
06.04.2017;8638.37
07.04.2017;8640.91
10.04.2017;8616.68
11.04.2017;8641.55
12.04.2017;8663.77
13.04.2017;8629.02
18.04.2017;8529.28
19.04.2017;8532.27
20.04.2017;8557.87
21.04.2017;8553.99
24.04.2017;8711.32
25.04.2017;8775.24
26.04.2017;8830.29
27.04.2017;8844.78
28.04.2017;8812.67
02.05.2017;8868.56
03.05.2017;8891.89
04.05.2017;8980.02
05.05.2017;9016.66
08.05.2017;9039.61
09.05.2017;9113.83
10.05.2017;9089.8
11.05.2017;9064.88
12.05.2017;9123.41
15.05.2017;9108.25
16.05.2017;9127.61
17.05.2017;9001.6
18.05.2017;8938.37
19.05.2017;9022.51
22.05.2017;9084.78
23.05.2017;9061.76
24.05.2017;9035.09
26.05.2017;9042.03
29.05.2017;9031.96
30.05.2017;9007.54
31.05.2017;9016.64
01.06.2017;9024.92
02.06.2017;9043.96
06.06.2017;8908.27
07.06.2017;8876.73
08.06.2017;8811.62
09.06.2017;8845.85
12.06.2017;8807.85
13.06.2017;8867.07
14.06.2017;8849.4
15.06.2017;8853.01
16.06.2017;8963.29
19.06.2017;9030.3
20.06.2017;9023.55
21.06.2017;8985.61
22.06.2017;9051.27
23.06.2017;9032.89
26.06.2017;9121.22
27.06.2017;9072.92
28.06.2017;9076.73
29.06.2017;8944.04
30.06.2017;8906.89
03.07.2017;9009.81
04.07.2017;8971.4
05.07.2017;8954.1
06.07.2017;8886.95
07.07.2017;8883.27
10.07.2017;8943.84
11.07.2017;8874.07
12.07.2017;9015.6
13.07.2017;9003.57
14.07.2017;9034.57
17.07.2017;9038.65
18.07.2017;8977.98
19.07.2017;9024.32
20.07.2017;9027.37
21.07.2017;8938.68
24.07.2017;8898.23
25.07.2017;8937.9
26.07.2017;8990.34
27.07.2017;9017.79
28.07.2017;9019.31
31.07.2017;9055
02.08.2017;9122.68
03.08.2017;9136.61
04.08.2017;9176.99
07.08.2017;9155.13
08.08.2017;9162.33
09.08.2017;9027.15
10.08.2017;8949.86
11.08.2017;8884.04
14.08.2017;9031.27
15.08.2017;9012.52
16.08.2017;9037.92
17.08.2017;8945.4
18.08.2017;8874.35
21.08.2017;8883.78
22.08.2017;8963.83
23.08.2017;8958.49
24.08.2017;8943.04
25.08.2017;8906.18
28.08.2017;8864.23
29.08.2017;8814.54
30.08.2017;8851.26
31.08.2017;8925.45
01.09.2017;8941.62
04.09.2017;8864.46
05.09.2017;8869.56
06.09.2017;8859.47
07.09.2017;8906.66
08.09.2017;8912.05
11.09.2017;8982.23
12.09.2017;9053.62
13.09.2017;9053.83
14.09.2017;9071.43
15.09.2017;9028.05
18.09.2017;9048.11
19.09.2017;9093.2
20.09.2017;9095.65
21.09.2017;9134.13
22.09.2017;9136.72
25.09.2017;9140.47
26.09.2017;9113.65
27.09.2017;9098.58
28.09.2017;9112.16
29.09.2017;9157.46
02.10.2017;9242.15
03.10.2017;9283.74
04.10.2017;9283.97
05.10.2017;9262.66
06.10.2017;9252.12
09.10.2017;9259.34
10.10.2017;9267.17
11.10.2017;9265.34
12.10.2017;9297.34
13.10.2017;9311.69
16.10.2017;9274.59
17.10.2017;9269.86
18.10.2017;9309.61
19.10.2017;9233.52
20.10.2017;9237.13
23.10.2017;9248.49
24.10.2017;9194.84
25.10.2017;9084.04
26.10.2017;9200.08
27.10.2017;9183.42
30.10.2017;9175.5
31.10.2017;9242.18
01.11.2017;9267.82
02.11.2017;9279.65
03.11.2017;9322.05
06.11.2017;9288.78
07.11.2017;9220.16
08.11.2017;9265.83
09.11.2017;9177.82
10.11.2017;9134.16
13.11.2017;9162.74
14.11.2017;9130.48
15.11.2017;9089.55
16.11.2017;9146.82
17.11.2017;9183.61
20.11.2017;9299.61
21.11.2017;9324.53
22.11.2017;9291.84
23.11.2017;9315.56
24.11.2017;9325.6
27.11.2017;9264.39
28.11.2017;9320.44
29.11.2017;9304.42
30.11.2017;9318.77
01.12.2017;9274.55
04.12.2017;9328.63
05.12.2017;9288.92
06.12.2017;9309.99
07.12.2017;9270.57
08.12.2017;9319.16
11.12.2017;9314.76
12.12.2017;9361.41
13.12.2017;9394.55
14.12.2017;9383.02
15.12.2017;9394.71
18.12.2017;9452.32
19.12.2017;9399.17
20.12.2017;9314.83
21.12.2017;9424.67
22.12.2017;9394.49
27.12.2017;9430.44
28.12.2017;9405.8
29.12.2017;9381.87
03.01.2018;9478.92
04.01.2018;9509.28
05.01.2018;9556.98
08.01.2018;9541.73
09.01.2018;9611.61
10.01.2018;9524.96
11.01.2018;9503.85
12.01.2018;9546.61
15.01.2018;9537.28
16.01.2018;9464.05
17.01.2018;9440.01
18.01.2018;9452.35
19.01.2018;9509.77
22.01.2018;9529.13
23.01.2018;9551.58
24.01.2018;9547.57
25.01.2018;9482.96
26.01.2018;9515.56
29.01.2018;9457.27
30.01.2018;9433.34
31.01.2018;9335.4
01.02.2018;9290.92
02.02.2018;9220.69
05.02.2018;9100.39
06.02.2018;8836.71
07.02.2018;8975.01
08.02.2018;8763.11
09.02.2018;8682
12.02.2018;8822.18
13.02.2018;8752.64
14.02.2018;8899.1
15.02.2018;8917.8
16.02.2018;8986.72
19.02.2018;8908.65
20.02.2018;8981.39
21.02.2018;8988.99
22.02.2018;8967.43
23.02.2018;8948.19
26.02.2018;9026.11
27.02.2018;8992.52
28.02.2018;8906.38
01.03.2018;8792.38
02.03.2018;8628.51
05.03.2018;8808.38
06.03.2018;8765.88
07.03.2018;8784.84
08.03.2018;8896.42
09.03.2018;8931.85
12.03.2018;8970.74
13.03.2018;8880.92
14.03.2018;8869.33
15.03.2018;8878.98
16.03.2018;8882.53
19.03.2018;8811.33
20.03.2018;8847.29
21.03.2018;8783.7
22.03.2018;8637.87
23.03.2018;8569.08
26.03.2018;8509.29
27.03.2018;8638.42
28.03.2018;8756.12
29.03.2018;8740.97
03.04.2018;8630.93
04.04.2018;8553.69
05.04.2018;8742.6
06.04.2018;8671.04
09.04.2018;8687.08
10.04.2018;8755.57
11.04.2018;8708.44
12.04.2018;8774.76
13.04.2018;8776.17
16.04.2018;8726.54
17.04.2018;8820.04
18.04.2018;8831.88
19.04.2018;8833.18
20.04.2018;8807.8
23.04.2018;8806.63
24.04.2018;8796.91
25.04.2018;8740.96
26.04.2018;8835.03
27.04.2018;8843.02
30.04.2018;8886.26
02.05.2018;8896.28
03.05.2018;8842.29
04.05.2018;8903.83
07.05.2018;8978.65
08.05.2018;8944.9
09.05.2018;8984.1
11.05.2018;8993.51
14.05.2018;9000.89
15.05.2018;8994.22
16.05.2018;8973.88
17.05.2018;8988.33
18.05.2018;8940.46
22.05.2018;8936.07
23.05.2018;8794.94
24.05.2018;8770.94
25.05.2018;8759.08
28.05.2018;8775.45
29.05.2018;8637.2
30.05.2018;8578.68
31.05.2018;8456.95
01.06.2018;8618.54
04.06.2018;8634.42
05.06.2018;8538.31
06.06.2018;8544.99
07.06.2018;8548.33
08.06.2018;8512.06
11.06.2018;8623.54
12.06.2018;8640.8
13.06.2018;8634.61
14.06.2018;8690.83
15.06.2018;8642.6
18.06.2018;8519.57
19.06.2018;8463.41
20.06.2018;8557.51
21.06.2018;8459.93
22.06.2018;8616.56
25.06.2018;8458.75
26.06.2018;8477.98
27.06.2018;8504.5
28.06.2018;8461.71
29.06.2018;8609.3
02.07.2018;8529.59
03.07.2018;8625.49
04.07.2018;8663.53
05.07.2018;8674.04
06.07.2018;8697.42
09.07.2018;8759.92
10.07.2018;8768.91
11.07.2018;8682.93
12.07.2018;8818.19
13.07.2018;8861.05
16.07.2018;8847.96
17.07.2018;8824.67
18.07.2018;8938.12
19.07.2018;8933.97
20.07.2018;8991.34
23.07.2018;8959.79
24.07.2018;9005.58
25.07.2018;9019.46
26.07.2018;9139.47
27.07.2018;9173.2
30.07.2018;9163.38
31.07.2018;9174.33
02.08.2018;9155.57
03.08.2018;9158
06.08.2018;9149.36
07.08.2018;9201.22
08.08.2018;9176.15
09.08.2018;9145.68
10.08.2018;9031.33
13.08.2018;9005.35
14.08.2018;9010.19
15.08.2018;8926.23
16.08.2018;8997.72
17.08.2018;9003.91
20.08.2018;9059.53
21.08.2018;9082.86
22.08.2018;9048.2
23.08.2018;9049.72
24.08.2018;9052.9
27.08.2018;9098.7
28.08.2018;9084.26
29.08.2018;9083.84
30.08.2018;9042.06
31.08.2018;8973.56
03.09.2018;9003.47
04.09.2018;8951.89
05.09.2018;8868.86
06.09.2018;8818.72
07.09.2018;8843.11
10.09.2018;8930.24
11.09.2018;8914.94
12.09.2018;8960.13
13.09.2018;8960.08
14.09.2018;8970
17.09.2018;8936.71
18.09.2018;8915.87
19.09.2018;8939.85
20.09.2018;9000.81
21.09.2018;8995.38
24.09.2018;8946.22
25.09.2018;9021.61
26.09.2018;9080.14
27.09.2018;9112.22
28.09.2018;9087.99
01.10.2018;9127.05
02.10.2018;9087.32
03.10.2018;9175.21
04.10.2018;9097.52
05.10.2018;9042.08
08.10.2018;8964.14
09.10.2018;8964.11
10.10.2018;8892.88
11.10.2018;8639.19
12.10.2018;8660.38
15.10.2018;8653.16
16.10.2018;8794.97
17.10.2018;8750.35
18.10.2018;8779.18
19.10.2018;8872.09
22.10.2018;8865.56
23.10.2018;8767.15
24.10.2018;8724.61
25.10.2018;8706.4
26.10.2018;8665.8
29.10.2018;8759.62
30.10.2018;8854.28
31.10.2018;9022.16
01.11.2018;9017.25
02.11.2018;8992.3
05.11.2018;9008.58
06.11.2018;8992.07
07.11.2018;9050.53
08.11.2018;9094.9
09.11.2018;9074.03
12.11.2018;8984.05
13.11.2018;9015.43
14.11.2018;8931.2
15.11.2018;8870.03
16.11.2018;8907.39
19.11.2018;8812.61
20.11.2018;8769.45
21.11.2018;8841.48
22.11.2018;8781.29
23.11.2018;8845.9
26.11.2018;8931.37
27.11.2018;8898.01
28.11.2018;8894.58
29.11.2018;9015.59
30.11.2018;9037.76
03.12.2018;9106.56
04.12.2018;9085
05.12.2018;8939.96
06.12.2018;8660.03
07.12.2018;8741.03
10.12.2018;8551.02
11.12.2018;8715.08
12.12.2018;8861.14
13.12.2018;8814.7
14.12.2018;8713.68
17.12.2018;8602.61
18.12.2018;8528.27
19.12.2018;8540.16
20.12.2018;8414.48
21.12.2018;8417.29
27.12.2018;8195.64
28.12.2018;8429.3
03.01.2019;8466.01
04.01.2019;8608.56
07.01.2019;8535.95
08.01.2019;8629.48
09.01.2019;8687.71
10.01.2019;8801.48
11.01.2019;8828.22
14.01.2019;8760.32
15.01.2019;8824.73
16.01.2019;8873.77
17.01.2019;8914.14
18.01.2019;9023.96
21.01.2019;9011.41
22.01.2019;8966.34
23.01.2019;8957.19
24.01.2019;8937.39
25.01.2019;8922.49
28.01.2019;8857.85
29.01.2019;8940.52
30.01.2019;8965.71
31.01.2019;8969.27
01.02.2019;8996.36
04.02.2019;9011.48
05.02.2019;9150.56
06.02.2019;9143
07.02.2019;9035.9
08.02.2019;9003.41
11.02.2019;9068.62
12.02.2019;9127.4
13.02.2019;9164.06
14.02.2019;9142.71
15.02.2019;9242.12
18.02.2019;9267.46
19.02.2019;9256.17
20.02.2019;9315.63
21.02.2019;9333.57
22.02.2019;9348.93
25.02.2019;9398.37
26.02.2019;9461.21
27.02.2019;9412.19
28.02.2019;9388.94
01.03.2019;9412.02
04.03.2019;9394.05
05.03.2019;9399.15
06.03.2019;9403.16
07.03.2019;9324.58
08.03.2019;9268.36
11.03.2019;9341.35
12.03.2019;9331.62
13.03.2019;9387.43
14.03.2019;9481.9
15.03.2019;9483.1
18.03.2019;9496.93
19.03.2019;9525.92
20.03.2019;9463.32
21.03.2019;9454.05
22.03.2019;9319.42
25.03.2019;9305.5
26.03.2019;9389.3
27.03.2019;9390.59
28.03.2019;9405.93
29.03.2019;9477.84
01.04.2019;9538.11
02.04.2019;9536.57
03.04.2019;9570.09
04.04.2019;9563.71
05.04.2019;9541.15
08.04.2019;9547.33
09.04.2019;9582.22
10.04.2019;9556.31
11.04.2019;9549.26
12.04.2019;9484.91
15.04.2019;9513.71
16.04.2019;9579.85
17.04.2019;9596.6
18.04.2019;9571.22
23.04.2019;9635.07
24.04.2019;9655.67
25.04.2019;9694.06
26.04.2019;9724.27
29.04.2019;9740.48
30.04.2019;9769.74
02.05.2019;9746.06
03.05.2019;9741.99
06.05.2019;9657.24
07.05.2019;9577.38
08.05.2019;9621.96
09.05.2019;9430.3
10.05.2019;9472.83
13.05.2019;9363.18
14.05.2019;9404.08
15.05.2019;9480.76
16.05.2019;9660.59
17.05.2019;9659.08
20.05.2019;9582.08
21.05.2019;9624.16
22.05.2019;9645.04
23.05.2019;9594.31
24.05.2019;9666.89
27.05.2019;9712.96
28.05.2019;9680.87
29.05.2019;9541.97
31.05.2019;9523.98
03.06.2019;9602.73
04.06.2019;9597.71
05.06.2019;9658.62
06.06.2019;9682.29
07.06.2019;9749.13
11.06.2019;9835.87
12.06.2019;9859.73
13.06.2019;9861.83
14.06.2019;9847.61
17.06.2019;9851.57
18.06.2019;9988.55
19.06.2019;9961.65
20.06.2019;9978.52
21.06.2019;9922.83
24.06.2019;9898.85
25.06.2019;9898.9
26.06.2019;9838.13
27.06.2019;9859.76
28.06.2019;9898.24
01.07.2019;9970
02.07.2019;10020.93
03.07.2019;10066.53
04.07.2019;10066.48
05.07.2019;9980.22
08.07.2019;9994.1
09.07.2019;9961.34
10.07.2019;9937.56
11.07.2019;9879.53
12.07.2019;9762.98
15.07.2019;9808.58
16.07.2019;9850.52
17.07.2019;9942.01
18.07.2019;10010.15
19.07.2019;9937.03
22.07.2019;9922.37
23.07.2019;9965.15
24.07.2019;9907.68
25.07.2019;9877.03
26.07.2019;9968.08
29.07.2019;9970.87
30.07.2019;9890.9
31.07.2019;9919.27
02.08.2019;9803.69
05.08.2019;9599.43
06.08.2019;9553.88
07.08.2019;9533.98
08.08.2019;9751.55
09.08.2019;9749.92
12.08.2019;9760.02
13.08.2019;9786.24
14.08.2019;9628.48
15.08.2019;9606.26
16.08.2019;9728.39
19.08.2019;9825.59
20.08.2019;9770.39
21.08.2019;9848.11
22.08.2019;9805.5
23.08.2019;9744.98
26.08.2019;9715.83
27.08.2019;9786.08
28.08.2019;9758.19
29.08.2019;9838.48
30.08.2019;9895.65
02.09.2019;9924.54
03.09.2019;9852.7
04.09.2019;9894.6
05.09.2019;9983.07
06.09.2019;10073.82
09.09.2019;10059.37
10.09.2019;10020.48
11.09.2019;10098.59
12.09.2019;10094.09
13.09.2019;10047.34
16.09.2019;9969.19
17.09.2019;10013.82
18.09.2019;10018.84
19.09.2019;10064.46
20.09.2019;10056.83
23.09.2019;9997.39
24.09.2019;9991.31
25.09.2019;9914.82
26.09.2019;10010.71
27.09.2019;10037.81
30.09.2019;10078.32
01.10.2019;9952.5
02.10.2019;9757.28
03.10.2019;9760.44
04.10.2019;9827.72
07.10.2019;9914.06
08.10.2019;9800.24
09.10.2019;9830.05
10.10.2019;9903.02
11.10.2019;10017.39
14.10.2019;9964.24
15.10.2019;10048.75
16.10.2019;10032.49
17.10.2019;10008.94
18.10.2019;9965.49
21.10.2019;9991.42
22.10.2019;10017.35
23.10.2019;10023.52
24.10.2019;10106.53
25.10.2019;10197.09
28.10.2019;10231.8
29.10.2019;10257.69
30.10.2019;10254.95
31.10.2019;10219.82
01.11.2019;10252.24
04.11.2019;10337.07
05.11.2019;10272.98
06.11.2019;10318.1
07.11.2019;10326.78
08.11.2019;10309.23
11.11.2019;10305.27
12.11.2019;10314.16
13.11.2019;10299.22
14.11.2019;10233.23
15.11.2019;10310.12
18.11.2019;10347.18
19.11.2019;10366.02
20.11.2019;10385.74
21.11.2019;10338.35
22.11.2019;10369.44
25.11.2019;10468.62
26.11.2019;10506.93
27.11.2019;10529.26
28.11.2019;10529.14
29.11.2019;10493.24
02.12.2019;10348.44
03.12.2019;10232.93
04.12.2019;10334.56
05.12.2019;10363.5
06.12.2019;10463.88
09.12.2019;10434.89
10.12.2019;10390.53
11.12.2019;10405.31
12.12.2019;10451.36
13.12.2019;10429.27
16.12.2019;10541.67
17.12.2019;10538.89
18.12.2019;10556.74
19.12.2019;10575.15
20.12.2019;10679.37
23.12.2019;10724.34
27.12.2019;10730.15
30.12.2019;10616.94
03.01.2020;10699.82
06.01.2020;10665.41
07.01.2020;10686.8
08.01.2020;10652.16
09.01.2020;10650.97
10.01.2020;10639.49
13.01.2020;10622.41
14.01.2020;10655.82
15.01.2020;10670.74
16.01.2020;10693.52
17.01.2020;10841.82
20.01.2020;10846.29
21.01.2020;10884.51
22.01.2020;10895.07
23.01.2020;10813.94
24.01.2020;10849.75
27.01.2020;10675.96
28.01.2020;10781.98
29.01.2020;10859.88
30.01.2020;10748.92
31.01.2020;10627.88
03.02.2020;10664.95
04.02.2020;10800.64
05.02.2020;10994.15
06.02.2020;11012.36
07.02.2020;11001.53
10.02.2020;11039.78
11.02.2020;11101.17
12.02.2020;11089.24
13.02.2020;11092.35
14.02.2020;11128.81
17.02.2020;11168.45
18.02.2020;11146.28
19.02.2020;11263.01
20.02.2020;11154.53
21.02.2020;11110.78
24.02.2020;10712.84
25.02.2020;10478.51
26.02.2020;10512.15
27.02.2020;10205.46
28.02.2020;9831.03
02.03.2020;9950.83
03.03.2020;10087.4
04.03.2020;10251.39
05.03.2020;10143.57
06.03.2020;9736.82
09.03.2020;9196.6
10.03.2020;9195.93
11.03.2020;9152.5
12.03.2020;8270.44
13.03.2020;8367.56
16.03.2020;8227.08
17.03.2020;8493.04
18.03.2020;8338.74
19.03.2020;8782.24
20.03.2020;8623.86
23.03.2020;8160.79
24.03.2020;8733.32
25.03.2020;8989.16
26.03.2020;9203.98
27.03.2020;8996.37
30.03.2020;9174.39
31.03.2020;9311.92
01.04.2020;9168.98
02.04.2020;9270.96
03.04.2020;9242.44
06.04.2020;9462.34
07.04.2020;9514.6
08.04.2020;9432.39
09.04.2020;9452.83
14.04.2020;9538.61
15.04.2020;9320.2
16.04.2020;9439.91
17.04.2020;9612.83
20.04.2020;9785.27
21.04.2020;9547.85
22.04.2020;9630.56
23.04.2020;9625.48
24.04.2020;9625.65
27.04.2020;9758.82
28.04.2020;9889.46
29.04.2020;9865.32
30.04.2020;9629.4
04.05.2020;9390.27
05.05.2020;9512.17
06.05.2020;9571.7
07.05.2020;9617.98
08.05.2020;9665.35
11.05.2020;9689.71
12.05.2020;9733.53
13.05.2020;9631.62
14.05.2020;9448.14
15.05.2020;9483.1
18.05.2020;9740.77
19.05.2020;9764.23
20.05.2020;9790.85
22.05.2020;9688.99
25.05.2020;9824.54
26.05.2020;9830.83
27.05.2020;9716.52
28.05.2020;9926.03
29.05.2020;9831.49
02.06.2020;9951.45
03.06.2020;10183.77
04.06.2020;10075.68
05.06.2020;10190.37
08.06.2020;10152.77
09.06.2020;10184.82
10.06.2020;10147.18
11.06.2020;9828.58
12.06.2020;9796.37
15.06.2020;9842.56
16.06.2020;10034.29
17.06.2020;10202.19
18.06.2020;10186.5
19.06.2020;10266.29
22.06.2020;10151.13
23.06.2020;10246.56
24.06.2020;10021.99
25.06.2020;10089.83
26.06.2020;10041.91
29.06.2020;10060.46
30.06.2020;10045.3
01.07.2020;10089.67
02.07.2020;10187.56
03.07.2020;10125.84
06.07.2020;10253.38
07.07.2020;10207.96
08.07.2020;10178.41
09.07.2020;10143.38
10.07.2020;10229.97
13.07.2020;10300.96
14.07.2020;10259.5
15.07.2020;10460.01
16.07.2020;10433.43
17.07.2020;10410.52
20.07.2020;10470.92
21.07.2020;10444.05
22.07.2020;10439.04
23.07.2020;10383.38
24.07.2020;10214.21
27.07.2020;10272.34
28.07.2020;10277.2
29.07.2020;10272.81
30.07.2020;10095.34
31.07.2020;10005.9
03.08.2020;10229.67
04.08.2020;10162.04
05.08.2020;10097.97
06.08.2020;10067.13
07.08.2020;10068.03
10.08.2020;10090.91
11.08.2020;10153.24
12.08.2020;10278.66
13.08.2020;10260.11
14.08.2020;10163.6
17.08.2020;10228.06
18.08.2020;10168.4
19.08.2020;10310.01
20.08.2020;10229.92
21.08.2020;10218.2
24.08.2020;10308.39
25.08.2020;10231.25
26.08.2020;10309.65
27.08.2020;10240.46
28.08.2020;10164.49
31.08.2020;10135.56
01.09.2020;10188.85
02.09.2020;10384.84
03.09.2020;10220.64
04.09.2020;10153.09
07.09.2020;10297.8
08.09.2020;10250.44
09.09.2020;10406.57
10.09.2020;10387.44
11.09.2020;10439.52
14.09.2020;10457.43
15.09.2020;10520
16.09.2020;10552.04
17.09.2020;10519.33
18.09.2020;10539.17
21.09.2020;10325.44
22.09.2020;10355.57
23.09.2020;10330.06
24.09.2020;10211.53
25.09.2020;10216.28
28.09.2020;10308.67
29.09.2020;10229.3
30.09.2020;10187
01.10.2020;10238.12
02.10.2020;10252.4
05.10.2020;10303.06
06.10.2020;10233.16
07.10.2020;10187.88
08.10.2020;10270.24
09.10.2020;10320.03
12.10.2020;10364.1
13.10.2020;10336.36
14.10.2020;10292.66
15.10.2020;10067.96
16.10.2020;10207.13
19.10.2020;10184.36
20.10.2020;10146.23
21.10.2020;9989.75
22.10.2020;9999.05
23.10.2020;10023.9
26.10.2020;9985.62
27.10.2020;9887.49
28.10.2020;9618.65
29.10.2020;9556.14
30.10.2020;9587.15
02.11.2020;9791.68
03.11.2020;10003.82
04.11.2020;10286.79
05.11.2020;10306.35
06.11.2020;10322.57
09.11.2020;10417.99
10.11.2020;10360.69
11.11.2020;10532.27
12.11.2020;10496.2
13.11.2020;10492.61
16.11.2020;10586.74
17.11.2020;10565.12
18.11.2020;10563.89
19.11.2020;10490.77
20.11.2020;10495.65
23.11.2020;10464.4
24.11.2020;10491.59
25.11.2020;10488.27
26.11.2020;10497.79
27.11.2020;10501.18
30.11.2020;10476.43
01.12.2020;10449.21
02.12.2020;10435.36
03.12.2020;10342.63
04.12.2020;10364.5
07.12.2020;10375.38
08.12.2020;10394.1
09.12.2020;10430.02
10.12.2020;10395.96
11.12.2020;10391.76
14.12.2020;10373.03
15.12.2020;10341.18
16.12.2020;10456.78
17.12.2020;10540.36
18.12.2020;10523.86
21.12.2020;10305.52
22.12.2020;10403.37
23.12.2020;10411.92
28.12.2020;10603.49
29.12.2020;10682.04
30.12.2020;10703.51
04.01.2021;10738.39
05.01.2021;10694.09
06.01.2021;10747.08
07.01.2021;10778.67
08.01.2021;10797.99
11.01.2021;10870.42
12.01.2021;10875.25
13.01.2021;10846.88
14.01.2021;10850.81
15.01.2021;10877.06
18.01.2021;10888.54
19.01.2021;10876.98
20.01.2021;10945.46
21.01.2021;10913.11
22.01.2021;10930.81
25.01.2021;10925.7
26.01.2021;10964.05
27.01.2021;10904.24
28.01.2021;10849.82
29.01.2021;10591.06
01.02.2021;10740.22
02.02.2021;10803.57
03.02.2021;10775.68
04.02.2021;10860.95
05.02.2021;10755.47
08.02.2021;10778.83
09.02.2021;10803.67
10.02.2021;10825.75
11.02.2021;10852.91
12.02.2021;10880.37
15.02.2021;10940.99
16.02.2021;10907.6
17.02.2021;10809.28
18.02.2021;10717.71
19.02.2021;10704.75
22.02.2021;10697.38
23.02.2021;10609.03
24.02.2021;10727.7
25.02.2021;10658.87
26.02.2021;10522.22
01.03.2021;10706.59
02.03.2021;10817.15
03.03.2021;10771.88
04.03.2021;10750.09
05.03.2021;10607.79
08.03.2021;10830.38
09.03.2021;10857.97
10.03.2021;10909.77
11.03.2021;10883.23
12.03.2021;10839.93
15.03.2021;10867.33
16.03.2021;10944.48
17.03.2021;10922.49
18.03.2021;10973.76
19.03.2021;10967.37
22.03.2021;11048.58
23.03.2021;11098.66
24.03.2021;11063.87
25.03.2021;11098.81
26.03.2021;11116.81
29.03.2021;11089.6
30.03.2021;11121.42
31.03.2021;11047.37
01.04.2021;11118.03
06.04.2021;11182.95
07.04.2021;11128.18
08.04.2021;11206.88
09.04.2021;11238.52
12.04.2021;11181.35
13.04.2021;11122.37
14.04.2021;11156.21
15.04.2021;11198.7
16.04.2021;11262.97
19.04.2021;11209.84
20.04.2021;11078.98
21.04.2021;11209.09
22.04.2021;11224.9
23.04.2021;11200.54
26.04.2021;11162.09
27.04.2021;11092.08
28.04.2021;11103.46
29.04.2021;11079.51
30.04.2021;11022.34
03.05.2021;11119
04.05.2021;10970.93
05.05.2021;11108.88
06.05.2021;11111.1
07.05.2021;11173.57
10.05.2021;11123.67
11.05.2021;10989.32
12.05.2021;11033.9
14.05.2021;11120.77
17.05.2021;11135.37
18.05.2021;11141.75
19.05.2021;11045.2
20.05.2021;11152.08
21.05.2021;11225.58
25.05.2021;11305.74
26.05.2021;11348.74
27.05.2021;11340.27
28.05.2021;11426.15
31.05.2021;11363.45
01.06.2021;11434.88
02.06.2021;11470.35
03.06.2021;11510.6
04.06.2021;11570.68
07.06.2021;11630.66
08.06.2021;11656.89
09.06.2021;11788.1
10.06.2021;11810.8
11.06.2021;11841.3
14.06.2021;11866.41
15.06.2021;11921.97
16.06.2021;11982.03
17.06.2021;12011.11
18.06.2021;11941.25
21.06.2021;11995.63
22.06.2021;11982.48
23.06.2021;11898.62
24.06.2021;11993.64
25.06.2021;11999.7
28.06.2021;12009.17
29.06.2021;12028.45
30.06.2021;11942.72
01.07.2021;11977.03
02.07.2021;11964.84
05.07.2021;11967.57
06.07.2021;11965.22
07.07.2021;12085.51
08.07.2021;11924.66
09.07.2021;11989.81
12.07.2021;12081.62
13.07.2021;12071.05
14.07.2021;12043.35
15.07.2021;11976.79
16.07.2021;12026.5
19.07.2021;11862.08
20.07.2021;11945.68
21.07.2021;12021.58
22.07.2021;11977
23.07.2021;12130.83
26.07.2021;12049.63
27.07.2021;12021.09
28.07.2021;12073.23
29.07.2021;12086.74
30.07.2021;12116.82
02.08.2021;12171.02
03.08.2021;12163.22
04.08.2021;12178.74
05.08.2021;12199.82
06.08.2021;12176.3
09.08.2021;12310.75
10.08.2021;12361.69
11.08.2021;12387.9
12.08.2021;12429.17
13.08.2021;12464.44
16.08.2021;12419.14
17.08.2021;12477.44
18.08.2021;12545.35
19.08.2021;12403.58
20.08.2021;12415.66
23.08.2021;12476.87
24.08.2021;12436.66
25.08.2021;12364.57
26.08.2021;12409.03
27.08.2021;12439
30.08.2021;12436.58
31.08.2021;12411.11
01.09.2021;12432.79
02.09.2021;12432.46
03.09.2021;12351.84
06.09.2021;12430.23
07.09.2021;12344.38
08.09.2021;12215.14
09.09.2021;12116.43
10.09.2021;12060.64
13.09.2021;12074.81
14.09.2021;12097.28
15.09.2021;11984.83
16.09.2021;12028.44
17.09.2021;11935.53
20.09.2021;11766.42
21.09.2021;11789.17
22.09.2021;11837.57
23.09.2021;11938.62
24.09.2021;11817.2
27.09.2021;11691.18
28.09.2021;11485.58
29.09.2021;11628.33
30.09.2021;11642.45
01.10.2021;11575.37
04.10.2021;11582.35
05.10.2021;11587
06.10.2021;11569.39
07.10.2021;11763.64
08.10.2021;11764.99
11.10.2021;11771.57
12.10.2021;11756.76
13.10.2021;11814.59
14.10.2021;11892.52
15.10.2021;11961.34
18.10.2021;11968.08
19.10.2021;11942.74
20.10.2021;12013.15
21.10.2021;12039.14
22.10.2021;12056.21
25.10.2021;12063.17
26.10.2021;12146.52
27.10.2021;12087.45
28.10.2021;12153.1
29.10.2021;12108.17
01.11.2021;12216.33
02.11.2021;12321
03.11.2021;12383.27
04.11.2021;12403.05
05.11.2021;12321.85
08.11.2021;12353.35
09.11.2021;12367.52
10.11.2021;12401.4
11.11.2021;12421.08
12.11.2021;12516.05
15.11.2021;12517.12
16.11.2021;12557.34
17.11.2021;12600.15
18.11.2021;12553.19
19.11.2021;12545.01
22.11.2021;12510.81
23.11.2021;12366.73
24.11.2021;12395.72
25.11.2021;12449.68
26.11.2021;12199.21
29.11.2021;12220.74
30.11.2021;12159.69
01.12.2021;12266.46
02.12.2021;12177.52
03.12.2021;12175.77
06.12.2021;12375.35
07.12.2021;12513.62
08.12.2021;12597.43
09.12.2021;12607.63
10.12.2021;12607.73
13.12.2021;12551.28
14.12.2021;12411.58
15.12.2021;12530.95
16.12.2021;12790.89
17.12.2021;12715.48
20.12.2021;12589.89
21.12.2021;12682.53
22.12.2021;12713.9
23.12.2021;12785.32
27.12.2021;12866.9
28.12.2021;12970.53
29.12.2021;12926.56
30.12.2021;12875.66
03.01.2022;12939.17
04.01.2022;12900.97
05.01.2022;12906.37
06.01.2022;12792.28
07.01.2022;12797.94
10.01.2022;12597.35
11.01.2022;12709.71
12.01.2022;12670.47
13.01.2022;12620.44
14.01.2022;12525.63
17.01.2022;12633.21
18.01.2022;12529.56
19.01.2022;12525.69
20.01.2022;12560.7
21.01.2022;12355.54
24.01.2022;11881.3
25.01.2022;11945.69
26.01.2022;12098.26
27.01.2022;12176.9
28.01.2022;12104.44
31.01.2022;12226.7
01.02.2022;12359.8
02.02.2022;12360.37
03.02.2022;12234.15
04.02.2022;12140.25
07.02.2022;12193.81
08.02.2022;12155.66
09.02.2022;12367.82
10.02.2022;12313.16
11.02.2022;12231.97
14.02.2022;12026.37
15.02.2022;12181.86
16.02.2022;12191.57
17.02.2022;12075.27
18.02.2022;12010.09
21.02.2022;11891.88
22.02.2022;11959.39
23.02.2022;11941.89
24.02.2022;11636.76
25.02.2022;11987.31
28.02.2022;11986.78
01.03.2022;11862.28
02.03.2022;11871.59
03.03.2022;11675.7
04.03.2022;11300.13
07.03.2022;11204.67
08.03.2022;11057.06
09.03.2022;11493.36
10.03.2022;11391.1
11.03.2022;11495.69
14.03.2022;11678.94
15.03.2022;11682.22
16.03.2022;11900.96
17.03.2022;12061.87
18.03.2022;12184.99
21.03.2022;12171.28
22.03.2022;12202.62
23.03.2022;12099.5
24.03.2022;12131.45
25.03.2022;12121.67
28.03.2022;12155.95
29.03.2022;12325.58
30.03.2022;12243.73
31.03.2022;12161.53
01.04.2022;12179.08
04.04.2022;12340.87
05.04.2022;12376.97
06.04.2022;12320.1
07.04.2022;12372.46
08.04.2022;12507.69
11.04.2022;12528.61
12.04.2022;12378.87
13.04.2022;12378.68
14.04.2022;12475.08
19.04.2022;12281.42
20.04.2022;12310.17
21.04.2022;12301.33
22.04.2022;12258.33
25.04.2022;12084.98
26.04.2022;11933.28
27.04.2022;12051.48
28.04.2022;12068.41
29.04.2022;12128.76
02.05.2022;11971.73
03.05.2022;12001.88
04.05.2022;11880.24
05.05.2022;11877.27
06.05.2022;11730.42
09.05.2022;11444.18
10.05.2022;11541.72
11.05.2022;11553.66
12.05.2022;11506.13
13.05.2022;11650.42
16.05.2022;11672.23
17.05.2022;11730.44
18.05.2022;11579.14
19.05.2022;11309.49
20.05.2022;11308.98
23.05.2022;11466.28
24.05.2022;11483.56
25.05.2022;11491.8
27.05.2022;11647.17
30.05.2022;11736.26
31.05.2022;11611.38
01.06.2022;11494.12
02.06.2022;11550.2
03.06.2022;11529.16
07.06.2022;11534.18
08.06.2022;11467.39
09.06.2022;11322.43
10.06.2022;11084.62
13.06.2022;10896.25
14.06.2022;10699.07
15.06.2022;10783.59
16.06.2022;10475.37
17.06.2022;10451.31
20.06.2022;10485.91
21.06.2022;10479.84
22.06.2022;10528.34
23.06.2022;10453.31
24.06.2022;10823.12
27.06.2022;10906.82
28.06.2022;10809.57
29.06.2022;10811.75
30.06.2022;10741.21
01.07.2022;10770.4
04.07.2022;10881.97
05.07.2022;10702.5
06.07.2022;10840.6
07.07.2022;10940.98
08.07.2022;11015.03
11.07.2022;11027.16
12.07.2022;11069.83
13.07.2022;10904.85
14.07.2022;10799.52
15.07.2022;10982.09
18.07.2022;11010.18
19.07.2022;11122.08
20.07.2022;11059.49
21.07.2022;11134.74
22.07.2022;11096.12
25.07.2022;11129.35
26.07.2022;11102.31
27.07.2022;11056.74
28.07.2022;11129.33
29.07.2022;11145.91
02.08.2022;11118.1
03.08.2022;11178.99
04.08.2022;11202.66
05.08.2022;11123.07
08.08.2022;11166.32
09.08.2022;11132.48
10.08.2022;11155.1
11.08.2022;11154.58
12.08.2022;11128.24
15.08.2022;11171.54
16.08.2022;11130.44
17.08.2022;11128.19
18.08.2022;11167.59
19.08.2022;11156.72
22.08.2022;11085.84
23.08.2022;10933.06
24.08.2022;11012.87
25.08.2022;11063.88
26.08.2022;10942.16
29.08.2022;10896.74
30.08.2022;10884.95
31.08.2022;10855.03
01.09.2022;10663.44
02.09.2022;10891.71
05.09.2022;10819.54
06.09.2022;10834.18
07.09.2022;10805.16
08.09.2022;10790.32
09.09.2022;10900.24
12.09.2022;10990.75
13.09.2022;10891.54
14.09.2022;10754.4
15.09.2022;10746.7
16.09.2022;10610.65
19.09.2022;10617.01
20.09.2022;10476.54
21.09.2022;10429.4
22.09.2022;10297.65
23.09.2022;10137.78
26.09.2022;10072.62
27.09.2022;10126.43
28.09.2022;10220.76
29.09.2022;10126.99
30.09.2022;10267.55
03.10.2022;10290.71
04.10.2022;10590.92
05.10.2022;10477.69
06.10.2022;10391.13
07.10.2022;10308.57
10.10.2022;10262.52
11.10.2022;10207.83
12.10.2022;10199.32
13.10.2022;10227.9
14.10.2022;10329.34
17.10.2022;10498.71
18.10.2022;10578.76
19.10.2022;10484.14
20.10.2022;10473.45
21.10.2022;10418.6
24.10.2022;10595.53
25.10.2022;10773.34
26.10.2022;10817.21
27.10.2022;10706.62
28.10.2022;10772.37
31.10.2022;10827.93
01.11.2022;10783.65
02.11.2022;10806.23
03.11.2022;10710.59
04.11.2022;10787.77
07.11.2022;10750.39
08.11.2022;10827.04
09.11.2022;10904.33
10.11.2022;11120.49
11.11.2022;11127.15
14.11.2022;10999.59
15.11.2022;11026.22
16.11.2022;10936.62
17.11.2022;10917.88
18.11.2022;11045.49
21.11.2022;11085.04
22.11.2022;11074.3
23.11.2022;11094.46
24.11.2022;11157.56
25.11.2022;11168.03
28.11.2022;11162.16
29.11.2022;11077.81
30.11.2022;11127.77
01.12.2022;11238.2
02.12.2022;11198.13
05.12.2022;11194.67
06.12.2022;11109.33
07.12.2022;11009.95
08.12.2022;11004.53
09.12.2022;11068.3
12.12.2022;11033.64
13.12.2022;11136.62
14.12.2022;11160.69
15.12.2022;10880.14
16.12.2022;10770.38
19.12.2022;10773.23
20.12.2022;10659.19
21.12.2022;10845.59
22.12.2022;10774.64
23.12.2022;10804.68
27.12.2022;10839.22
28.12.2022;10812.67
29.12.2022;10857.35
30.12.2022;10729.4
03.01.2023;10978.64
04.01.2023;11140.27
05.01.2023;11057.39
06.01.2023;11144.54
09.01.2023;11212.57
10.01.2023;11162.15
11.01.2023;11246.01
12.01.2023;11287.82
13.01.2023;11290.79
16.01.2023;11435.99
17.01.2023;11401.99
18.01.2023;11366.62
19.01.2023;11258.97
20.01.2023;11295.02
23.01.2023;11406.27
24.01.2023;11406.29
25.01.2023;11404.77
26.01.2023;11317.56
27.01.2023;11332.3
30.01.2023;11379.64
31.01.2023;11285.78
01.02.2023;11200.93
02.02.2023;11188.42
03.02.2023;11349.39
06.02.2023;11283.25
07.02.2023;11233.87
08.02.2023;11276.28
09.02.2023;11217.73
10.02.2023;11130.46
13.02.2023;11209.34
14.02.2023;11231.91
15.02.2023;11272.67
16.02.2023;11194.91
17.02.2023;11256.29
20.02.2023;11266.68
21.02.2023;11282.16
22.02.2023;11300.29
23.02.2023;11247.75
24.02.2023;11181.77
27.02.2023;11219.93
28.02.2023;11098.35
01.03.2023;11056.08
02.03.2023;11165.58
03.03.2023;11190.09
06.03.2023;11147.25
07.03.2023;11064.08
08.03.2023;11025.26
09.03.2023;10948.85
10.03.2023;10765.26
13.03.2023;10632.05
14.03.2023;10716.72
15.03.2023;10516.4
16.03.2023;10719.1
17.03.2023;10613.55
20.03.2023;10643.64
21.03.2023;10792.58
22.03.2023;10782.28
23.03.2023;10718.54
24.03.2023;10634.04
27.03.2023;10786.22
28.03.2023;10839.11
29.03.2023;10963.31
30.03.2023;11032.21
31.03.2023;11106.24
03.04.2023;11093.09
04.04.2023;11073.48
05.04.2023;11115.4
06.04.2023;11230.07
11.04.2023;11265.3
12.04.2023;11231.99
13.04.2023;11258.95
14.04.2023;11342.86
17.04.2023;11311.76
18.04.2023;11358.98
19.04.2023;11366.22
20.04.2023;11390.64
21.04.2023;11460.58
24.04.2023;11467.2
25.04.2023;11513.12
26.04.2023;11364.91
27.04.2023;11361.89
28.04.2023;11437.14
02.05.2023;11423.33
03.05.2023;11506.19
04.05.2023;11456.37
05.05.2023;11554.24
08.05.2023;11595.25
09.05.2023;11546.04
10.05.2023;11447.23
11.05.2023;11522.97
12.05.2023;11564.73
15.05.2023;11578.25
16.05.2023;11519.87
17.05.2023;11437.78
19.05.2023;11571.16
22.05.2023;11553.23
23.05.2023;11484.9
24.05.2023;11383.14
25.05.2023;11325.26
26.05.2023;11434.24
30.05.2023;11282.45
31.05.2023;11217.89
01.06.2023;11296.28
02.06.2023;11443.35
05.06.2023;11415
06.06.2023;11468.27
07.06.2023;11348.11
08.06.2023;11308.9
09.06.2023;11254.42
12.06.2023;11301.25
13.06.2023;11327.27
14.06.2023;11278.3
15.06.2023;11302.83
16.06.2023;11386.26
19.06.2023;11306.64
20.06.2023;11215.91
21.06.2023;11173.65
22.06.2023;11183.42
23.06.2023;11221.22
26.06.2023;11141.9
27.06.2023;11142.65
28.06.2023;11183.55
29.06.2023;11170.51
30.06.2023;11280.29
03.07.2023;11219.15
04.07.2023;11217.34
05.07.2023;11193.92
06.07.2023;10986.78
07.07.2023;10874.9
10.07.2023;10922.01
11.07.2023;10962.59
12.07.2023;11019.03
13.07.2023;11021.66
14.07.2023;11110.19
17.07.2023;10976.2
18.07.2023;11103.55
19.07.2023;11120.15
20.07.2023;11201.55
21.07.2023;11207.38
24.07.2023;11177.68
25.07.2023;11231.41
26.07.2023;11183.55
27.07.2023;11373.21
28.07.2023;11317.74
31.07.2023;11309.25
02.08.2023;11212.7
03.08.2023;11087.18
04.08.2023;11098.48
07.08.2023;11107.47
08.08.2023;11057.32
09.08.2023;11081.54
10.08.2023;11149.79
11.08.2023;11081.63
14.08.2023;11110.11
15.08.2023;10985.22
16.08.2023;10992.31
17.08.2023;10884.89
18.08.2023;10839.06
21.08.2023;10848.34
22.08.2023;10875.68
23.08.2023;10973.64
24.08.2023;10976.83
25.08.2023;10956.9
28.08.2023;11032.76
29.08.2023;11106.24
30.08.2023;11090.22
31.08.2023;11125.95
01.09.2023;11075.15
04.09.2023;11053.59
05.09.2023;10958.9
06.09.2023;10924.42
07.09.2023;10993.43
08.09.2023;10948.59
11.09.2023;10972.21
12.09.2023;10987.13
13.09.2023;10976.38
14.09.2023;11098.32
15.09.2023;11197.72
18.09.2023;11090.61
19.09.2023;11068.7
20.09.2023;11154.11
21.09.2023;11084.74
22.09.2023;11014.76
25.09.2023;11014.26
26.09.2023;10953.7
27.09.2023;10882.31
28.09.2023;10917.79
29.09.2023;10963.5
02.10.2023;10863.65
03.10.2023;10763.37
04.10.2023;10756.19
05.10.2023;10783.15
06.10.2023;10837.59
09.10.2023;10822.24
10.10.2023;11001.69
11.10.2023;11038.3
12.10.2023;10979.77
13.10.2023;10900.3
16.10.2023;10889.03
17.10.2023;10814.02
18.10.2023;10675.44
19.10.2023;10448.23
20.10.2023;10348.6
23.10.2023;10331.92
24.10.2023;10376.81
25.10.2023;10400.93
26.10.2023;10367.69
27.10.2023;10323.71
30.10.2023;10382.19
31.10.2023;10391.16
01.11.2023;10503.89
02.11.2023;10591.98
03.11.2023;10579.67
06.11.2023;10576.75
07.11.2023;10571.03
08.11.2023;10595.06
09.11.2023;10644.99
10.11.2023;10555.35
13.11.2023;10590.39
14.11.2023;10715.73
15.11.2023;10708.19
16.11.2023;10643.07
17.11.2023;10737.37
20.11.2023;10740.27
21.11.2023;10782.23
22.11.2023;10832.39
23.11.2023;10851.62
24.11.2023;10879.52
27.11.2023;10821.06
28.11.2023;10760.38
29.11.2023;10802.88
30.11.2023;10854.32
01.12.2023;10887.36
04.12.2023;10952.44
05.12.2023;10964.81
06.12.2023;11001.62
07.12.2023;10968.1
08.12.2023;11071.77
11.12.2023;11130.36
12.12.2023;11151.22
13.12.2023;11188.91
14.12.2023;11209.95
15.12.2023;11191.89
18.12.2023;11155.8
19.12.2023;11146.43
20.12.2023;11144.88
21.12.2023;11132.6
22.12.2023;11153.09
27.12.2023;11113.98
28.12.2023;11057.55
29.12.2023;11137.79
03.01.2024;11170.26
04.01.2024;11224.37
05.01.2024;11185.9
08.01.2024;11230.4
09.01.2024;11248.65
10.01.2024;11255
11.01.2024;11153.62
12.01.2024;11226.4
15.01.2024;11207.51
16.01.2024;11229.65
17.01.2024;11148.56
18.01.2024;11185.88
19.01.2024;11150.52
22.01.2024;11275.35
23.01.2024;11149.26
24.01.2024;11196.82
25.01.2024;11209.02
26.01.2024;11390.13
29.01.2024;11429.83
30.01.2024;11443.13
31.01.2024;11333.38
01.02.2024;11213.91
02.02.2024;11239.68
05.02.2024;11274.47
06.02.2024;11245.03
07.02.2024;11210.25
08.02.2024;11138.85
09.02.2024;11091.58
12.02.2024;11179.3
13.02.2024;11142.79
14.02.2024;11213.64
15.02.2024;11284.18
16.02.2024;11310.61
19.02.2024;11398.44
20.02.2024;11456.96
21.02.2024;11428.74
22.02.2024;11386.17
23.02.2024;11496.76
26.02.2024;11452.88
27.02.2024;11440.45
28.02.2024;11414.38
29.02.2024;11438.86
01.03.2024;11493.92
04.03.2024;11477.8
05.03.2024;11463.74
06.03.2024;11546.47
07.03.2024;11575.37
08.03.2024;11647.14
11.03.2024;11685.19
12.03.2024;11762.05
13.03.2024;11790.46
14.03.2024;11720.7
15.03.2024;11676.13
18.03.2024;11623.63
19.03.2024;11577.8
20.03.2024;11618.63
21.03.2024;11703.66
22.03.2024;11651.99
25.03.2024;11637.05
26.03.2024;11680.36
27.03.2024;11705.71
28.03.2024;11730.43
02.04.2024;11595
03.04.2024;11616.87
04.04.2024;11691.13
05.04.2024;11495.79
08.04.2024;11547.14
09.04.2024;11506.04
10.04.2024;11495.21
11.04.2024;11465.74
12.04.2024;11379.58
15.04.2024;11395.81
16.04.2024;11196.67
17.04.2024;11231.83
18.04.2024;11230.43
19.04.2024;11296.4
22.04.2024;11327.77
23.04.2024;11469.15
24.04.2024;11370.74
25.04.2024;11260.61
26.04.2024;11344.32
29.04.2024;11332.36
30.04.2024;11260.91
02.05.2024;11209.63
03.05.2024;11272.95
06.05.2024;11327.66
07.05.2024;11512.97
08.05.2024;11602.21
10.05.2024;11753.7
13.05.2024;11768.08
14.05.2024;11784.07
15.05.2024;11899.26
16.05.2024;11946.66
17.05.2024;12037.99
21.05.2024;12001.5
22.05.2024;11958.67
23.05.2024;11966.75
24.05.2024;11931.7
27.05.2024;11960.57
28.05.2024;11854.5
29.05.2024;11793.73
30.05.2024;11883.9
31.05.2024;12000.86
03.06.2024;12007.04
04.06.2024;12008.94
05.06.2024;12150.02
06.06.2024;12241.25
07.06.2024;12254.76
10.06.2024;12137.74
11.06.2024;12072.92
12.06.2024;12167.59
13.06.2024;12095.99
14.06.2024;12044.59
17.06.2024;12003.52
18.06.2024;12046.61
19.06.2024;12060.24
20.06.2024;12128.16
21.06.2024;12012.87
24.06.2024;12157.29
25.06.2024;12086.31
26.06.2024;12015.72
27.06.2024;12004.31
28.06.2024;11993.83
01.07.2024;12049.61
02.07.2024;12011.02
03.07.2024;12018.3
04.07.2024;12068.8
05.07.2024;12006.14
08.07.2024;12051.66
09.07.2024;12037.36
10.07.2024;12151.19
11.07.2024;12255.78
12.07.2024;12365.18
15.07.2024;12279.86
16.07.2024;12260.93
17.07.2024;12333.93
18.07.2024;12247.61
19.07.2024;12173.44
22.07.2024;12296.74
23.07.2024;12278.82
24.07.2024;12203.17
25.07.2024;12105.54
26.07.2024;12241.49
29.07.2024;12214.9
30.07.2024;12282.02
31.07.2024;12317.44
02.08.2024;11875.52
05.08.2024;11543.25
06.08.2024;11510.46
07.08.2024;11843.18
08.08.2024;11827.43
09.08.2024;11865.93
12.08.2024;11873.71
13.08.2024;11928.14
14.08.2024;12071.83
15.08.2024;12150.22
16.08.2024;12188.73
19.08.2024;12275.24
20.08.2024;12266.56
21.08.2024;12250.11
22.08.2024;12305.45
23.08.2024;12347.46
26.08.2024;12354.35
27.08.2024;12296.72
28.08.2024;12348.7
29.08.2024;12417.72
30.08.2024;12436.59
02.09.2024;12451.48
03.09.2024;12348.19
04.09.2024;12176.17
05.09.2024;12031.34
06.09.2024;11908.24
09.09.2024;11980.64
10.09.2024;11964.71
11.09.2024;11922.91
12.09.2024;11982.34
13.09.2024;12037.28
16.09.2024;12005.47
17.09.2024;12042.78
18.09.2024;11982.3
19.09.2024;12058.3
20.09.2024;11934.07
23.09.2024;11965.35
24.09.2024;12048.85
25.09.2024;12148.38
26.09.2024;12209.62
27.09.2024;12234.05
30.09.2024;12168.87
01.10.2024;12086.66
02.10.2024;12122.09
03.10.2024;12012.32
04.10.2024;11997.09
07.10.2024;12008.7
08.10.2024;12010.99
09.10.2024;12122.93
10.10.2024;12077.76
11.10.2024;12154.19
14.10.2024;12259.23
15.10.2024;12218.85
16.10.2024;12193.07
17.10.2024;12304.27
18.10.2024;12326.76
21.10.2024;12261.87
22.10.2024;12163.33
23.10.2024;12147.1
24.10.2024;12173.04
25.10.2024;12184
28.10.2024;12237.97
29.10.2024;12100.57
30.10.2024;11967.7
31.10.2024;11792.92
01.11.2024;11967.2
04.11.2024;11896.94
05.11.2024;11866.01
06.11.2024;11847.29
07.11.2024;11917
08.11.2024;11797.72
11.11.2024;11902.79
12.11.2024;11712.09
13.11.2024;11703.81
14.11.2024;11783.65
15.11.2024;11627.04
18.11.2024;11639.6
19.11.2024;11541.43
20.11.2024;11539.64
21.11.2024;11591.59
22.11.2024;11716.5
25.11.2024;11678.59
26.11.2024;11632.88
27.11.2024;11644.01
28.11.2024;11709.8
29.11.2024;11764.2
02.12.2024;11829.24
03.12.2024;11834.32
04.12.2024;11783.61
05.12.2024;11790.79
06.12.2024;11780.65
09.12.2024;11761.72
10.12.2024;11642.39
11.12.2024;11681.87
12.12.2024;11715.85
13.12.2024;11694.43
16.12.2024;11701.51
17.12.2024;11740.52
18.12.2024;11638.91
19.12.2024;11414.84
20.12.2024;11384.92
23.12.2024;11488.28
27.12.2024;11589.34
30.12.2024;11600.9
03.01.2025;11624.02
06.01.2025;11691.13
07.01.2025;11830.77
08.01.2025;11876.21
09.01.2025;11927.11
10.01.2025;11791.91
13.01.2025;11701.72
14.01.2025;11702.57
15.01.2025;11781.74
16.01.2025;11942
17.01.2025;11990.27
20.01.2025;12037.22
21.01.2025;12111.16
22.01.2025;12207.89
23.01.2025;12265.4
24.01.2025;12287.28
27.01.2025;12416.61
28.01.2025;12455.44
29.01.2025;12530.32
30.01.2025;12604.54
31.01.2025;12597.09
03.02.2025;12546.77
04.02.2025;12475.49
05.02.2025;12579.44
06.02.2025;12624.2
07.02.2025;12593.34
10.02.2025;12627.84
11.02.2025;12694.16
12.02.2025;12713.9
13.02.2025;12949.06
14.02.2025;12839.87
17.02.2025;12875.08
18.02.2025;12893.98
19.02.2025;12798.52
20.02.2025;12808.08
21.02.2025;12948.6
24.02.2025;12953.17
25.02.2025;13025.01
26.02.2025;13042.51
27.02.2025;12958.34
28.02.2025;13004.48
03.03.2025;13166.68
04.03.2025;13006.74
05.03.2025;13112.75
06.03.2025;13029.39
07.03.2025;13076.68
10.03.2025;13013.45
11.03.2025;12692.25
12.03.2025;12868.43
13.03.2025;12836.19
14.03.2025;12916.81
17.03.2025;13058.12
18.03.2025;13062.11
19.03.2025;13040.92
20.03.2025;13097.05
21.03.2025;13075.4
24.03.2025;13000.24
25.03.2025;13013.15
26.03.2025;12953.8
27.03.2025;12867.23
28.03.2025;12840.43
31.03.2025;12598.12
01.04.2025;12686.62
02.04.2025;12588.31
03.04.2025;12279.48
04.04.2025;11648.83
07.04.2025;11047.48
08.04.2025;11359.12
09.04.2025;10887.73
10.04.2025;11244.59
11.04.2025;11239.83
14.04.2025;11499.46
15.04.2025;11609.84
16.04.2025;11598.62
17.04.2025;11660.96
22.04.2025;11646.32
23.04.2025;11808.71
24.04.2025;11917.59
25.04.2025;11942.05
28.04.2025;12028.25
29.04.2025;12066.69
30.04.2025;12116.98
02.05.2025;12253.79
05.05.2025;12233.03
06.05.2025;12230.58
07.05.2025;12113.76
08.05.2025;12061.72
09.05.2025;12087.32
12.05.2025;12219.63
13.05.2025;12165.27
14.05.2025;12132.19
15.05.2025;12227.28
16.05.2025;12335.09
19.05.2025;12356.77
20.05.2025;12408.03
21.05.2025;12380.36
22.05.2025;12269.95
23.05.2025;12198.69
26.05.2025;12317.07
27.05.2025;12324.78
28.05.2025;12186.74
30.05.2025;12227.08
02.06.2025;12198.18
03.06.2025;12239.62
04.06.2025;12298.5
05.06.2025;12317.62
06.06.2025;12366.17
10.06.2025;12351.89
11.06.2025;12315.81
12.06.2025;12323.4
13.06.2025;12146.02
16.06.2025;12090.87
17.06.2025;12007.06
18.06.2025;11959.47
19.06.2025;11871.52
20.06.2025;11871.32
23.06.2025;11854.96
24.06.2025;11988.92
25.06.2025;11880.12
26.06.2025;11880
27.06.2025;11980.38
30.06.2025;11921.46
01.07.2025;11963.31
02.07.2025;11992.24
03.07.2025;11978.36
04.07.2025;11972.41
07.07.2025;11954.54
08.07.2025;11970.65
09.07.2025;12006.86
10.07.2025;12131.94
11.07.2025;11937.42
14.07.2025;11939.89
15.07.2025;11901.32
16.07.2025;11910.81
17.07.2025;11961.87
18.07.2025;11982.91
21.07.2025;11936.89
22.07.2025;11893.82
23.07.2025;12077.07
24.07.2025;12045.78
25.07.2025;11955.73
28.07.2025;11914.95
29.07.2025;11958.91
30.07.2025;11931.98
31.07.2025;11836
04.08.2025;11818.63
05.08.2025;11858.33
06.08.2025;11755.32
07.08.2025;11849.58
08.08.2025;11866.85
11.08.2025;11869.99
12.08.2025;11886.41
13.08.2025;11978.85
14.08.2025;12001.61
15.08.2025;12074.33
18.08.2025;12071.88
19.08.2025;12212.19
20.08.2025;12276.26
21.08.2025;12241.67
22.08.2025;12264.85
25.08.2025;12206.36
26.08.2025;12160.89
27.08.2025;12207.12
28.08.2025;12219.2
29.08.2025;12187.58
01.09.2025;12176.52
02.09.2025;12088.36
03.09.2025;12200
04.09.2025;12383.47
05.09.2025;12370.57
08.09.2025;12312.65
09.09.2025;12281.09
10.09.2025;12217.46
11.09.2025;12292.72
12.09.2025;12193.86
15.09.2025;12144.32
16.09.2025;12018.66
17.09.2025;11998.96
18.09.2025;12049.13
19.09.2025;12109.67
22.09.2025;12126.14
23.09.2025;12102.61
24.09.2025;11978.83
25.09.2025;11875.8
26.09.2025;11929.8
29.09.2025;12006.71
30.09.2025;12109.42
